,0,1,2,3
0,ru,113,000D3A240C719A8711E68ABA13F8B73F,Астрахань-1
1,ru,188,000D3A240C719A8711E68ABA13F9272E,Сыктывкар-6
2,ru,306,000D3A240C719A8711E68ABA13F9DC36,Махачкала-2
3,ru,463,000D3A23B0DC80DC11E719D8DED641D4,Москва 1-9
4,ru,816,000D3A24D2B7A94311E8706D7479309B,Москва 0-16
5,ru,921,000D3A38B306A94511E8FAE8ED338EE6,Сургут-3
6,ru,943,000D3A21DA51A81111E91D6342296AA8,Москва 1-19
7,ru,1014,000D3A22FA54A81411E985F1D0C2D774,Москва 1-20
8,ru,1049,000D3A21DA51A81211E9E090D7C30F3F,Москва 1-25
9,ru,1098,000D3A22FA54A81411EA3B6B6C7318D7,Москва 1-26
10,ru,1308,000D3AAC9DCABB2E11EC3C8330DE60E0,Нижний Новгород-4
11,ru,1343,000D3AAC9DCABB2E11EC8402A238B235,Уфа-7
12,ru,3,000D3A240C719A8711E68ABA13F7FE13,Сыктывкар-1
13,ru,5,000D3A240C719A8711E68ABA13F806D0,Сыктывкар-2
14,ru,7,000D3A240C719A8711E68ABA13F80A16,Ухта-3
15,ru,9,000D3A240C719A8711E68ABA13F80DA9,Смоленск-1
16,ru,16,000D3A240C719A8711E68ABA13F815F6,Самара-1
17,ru,17,000D3A240C719A8711E68ABA13F8183C,Сарапул-1
18,ru,18,000D3A240C719A8711E68ABA13F81AD0,Челябинск-1
19,ru,21,000D3A240C719A8711E68ABA13F81FAA,Белгород-1
20,ru,24,000D3A240C719A8711E68ABA13F82835,Смоленск-2
21,ru,27,000D3A240C719A8711E68ABA13F82CCD,Октябрьский-1
22,ru,28,000D3A240C719A8711E68ABA13F83099,Самара-2
23,ru,29,000D3A240C719A8711E68ABA13F83227,Сыктывкар-3
24,ru,31,000D3A240C719A8711E68ABA13F835B3,Ульяновск-1
25,ru,34,000D3A240C719A8711E68ABA13F837F0,Таганрог-1
26,ru,36,000D3A240C719A8711E68ABA13F83CEA,Долгопрудный-1
27,ru,44,000D3A240C719A8711E68ABA13F8462C,Энгельс-1
28,ru,46,000D3A240C719A8711E68ABA13F8491C,Красноярск-1
29,ru,48,000D3A240C719A8711E68ABA13F84C2D,Абакан-1
30,ru,49,000D3A240C719A8711E68ABA13F84F37,Гатчина-1
31,ru,63,000D3A240C719A8711E68ABA13F859A0,Нижнекамск-1
32,ru,65,000D3A240C719A8711E68ABA13F85EB3,Майкоп-1
33,ru,66,000D3A240C719A8711E68ABA13F860BF,Самара-3
34,ru,68,000D3A240C719A8711E68ABA13F863BA,Королев-1
35,ru,70,000D3A240C719A8711E68ABA13F866CA,Махачкала-1
36,ru,72,000D3A240C719A8711E68ABA13F869F5,Мытищи-1
37,ru,73,000D3A240C719A8711E68ABA13F86C32,Ульяновск-2
38,ru,75,000D3A240C719A8711E68ABA13F870CF,Реутов-1
39,ru,77,000D3A240C719A8711E68ABA13F8742E,Альметьевск-1
40,ru,78,000D3A240C719A8711E68ABA13F8761F,Сыктывкар-5
41,ru,80,000D3A240C719A8711E68ABA13F8787D,Ростов-на-Дону-1
42,ru,82,000D3A240C719A8711E68ABA13F87B6D,Уссурийск-1
43,ru,83,000D3A240C719A8711E68ABA13F88754,Смоленск-3
44,ru,85,000D3A240C719A8711E68ABA13F88A3D,Химки-1
45,ru,86,000D3A240C719A8711E68ABA13F88D0A,Самара-4
46,ru,88,000D3A240C719A8711E68ABA13F890CF,Колпино-1
47,ru,91,000D3A240C719A8711E68ABA13F89478,Новороссийск-1
48,ru,94,000D3A240C719A8711E68ABA13F8981B,Калининград-1
49,ru,97,000D3A240C719A8711E68ABA13F89CD7,Чайковский-1
50,ru,99,000D3A240C719A8711E68ABA13F89FC3,Тюмень-1
51,ru,101,000D3A240C719A8711E68ABA13F8A3DD,Бугульма-1
52,ru,103,000D3A240C719A8711E68ABA13F8A6F3,Волжский-1
53,ru,105,000D3A240C719A8711E68ABA13F8AAD9,Муром-1
54,ru,107,000D3A240C719A8711E68ABA13F8ADAA,Березники-1
55,ru,109,000D3A240C719A8711E68ABA13F8AFC8,Нефтекамск-1
56,ru,111,000D3A240C719A8711E68ABA13F8B2DF,Комсомольск-на-Амуре-1
57,ru,116,000D3A240C719A8711E68ABA13F8BAF8,Ачинск-1
58,ru,118,000D3A240C719A8711E68ABA13F8BDCE,Прокопьевск-1
59,ru,120,000D3A240C719A8711E68ABA13F8BF70,Ленинск-Кузнецкий-1
60,ru,121,000D3A240C719A8711E68ABA13F8C13F,Ростов-на-Дону-2
61,ru,125,000D3A240C719A8711E68ABA13F8C7DF,Нижневартовск-1
62,ru,127,000D3A240C719A8711E68ABA13F8CABA,Щелково-1
63,ru,129,000D3A240C719A8711E68ABA13F8CF5F,Зеленоград-1
64,ru,132,000D3A240C719A8711E68ABA13F8D3F2,Ангарск-1
65,ru,135,000D3A240C719A8711E68ABA13F8D7BE,Одинцово-1
66,ru,140,000D3A240C719A8711E68ABA13F8DD99,Саратов-1
67,ru,142,000D3A240C719A8711E68ABA13F8DF96,Дедовск-1
68,ru,144,000D3A240C719A8711E68ABA13F8E27B,Московский-1
69,ru,146,000D3A240C719A8711E68ABA13F8E611,Вологда-1
70,ru,148,000D3A240C719A8711E68ABA13F8E9A9,Балашиха-1
71,ru,150,000D3A240C719A8711E68ABA13F8ED18,Домодедово-1
72,ru,152,000D3A240C719A8711E68ABA13F8EFDF,Калуга-1
73,ru,154,000D3A240C719A8711E68ABA13F8F29E,Салават-1
74,ru,156,000D3A240C719A8711E68ABA13F8F56B,Сургут-1
75,ru,158,000D3A240C719A8711E68ABA13F8FA2D,Всеволожск-1
76,ru,160,000D3A240C719A8711E68ABA13F8FDB7,Петрозаводск-1
77,ru,162,000D3A240C719A8711E68ABA13F8FFD4,Петергоф-1
78,ru,164,000D3A240C719A8711E68ABA13F9028D,Балаково-1
79,ru,166,000D3A240C719A8711E68ABA13F9049B,Нефтеюганск-1
80,ru,168,000D3A240C719A8711E68ABA13F90757,Новочебоксарск-1
81,ru,170,000D3A240C719A8711E68ABA13F90BEA,Железнодорожный-1
82,ru,174,000D3A240C719A8711E68ABA13F911AC,Люберцы-1
83,ru,176,000D3A240C719A8711E68ABA13F91455,Тверь-1
84,ru,178,000D3A240C719A8711E68ABA13F9173B,Тобольск-1
85,ru,181,000D3A240C719A8711E68ABA13F91AEE,Благовещенск-1
86,ru,183,000D3A240C719A8711E68ABA13F91E4B,Шахты-1
87,ru,185,000D3A240C719A8711E68ABA13F9210C,Лобня-1
88,ru,187,000D3A240C719A8711E68ABA13F92555,Пушкино-1
89,ru,189,000D3A240C719A8711E68ABA13F92917,Гатчина-2
90,ru,190,000D3A240C719A8711E68ABA13F92AF4,Челябинск-2
91,ru,192,000D3A240C719A8711E68ABA13F92E8C,Абинск-1
92,ru,194,000D3A240C719A8711E68ABA13F930B1,Ханты-Мансийск-1
93,ru,197,000D3A240C719A8711E68ABA13F93453,Ивантеевка-1
94,ru,198,000D3A240C719A8711E68ABA13F93531,Орск-1
95,ru,200,000D3A240C719A8711E68ABA13F93755,Жуковский-1
96,ru,202,000D3A240C719A8711E68ABA13F938FC,Казань-1
97,ru,204,000D3A240C719A8711E68ABA13F93D34,Зеленокумск-1
98,ru,206,000D3A240C719A8711E68ABA13F94026,Вельск-1
99,ru,208,000D3A240C719A8711E68ABA13F94336,Выборг-1
100,ru,210,000D3A240C719A8711E68ABA13F94662,Новокуйбышевск-1
101,ru,212,000D3A240C719A8711E68ABA13F9491C,Тольятти-1
102,ru,214,000D3A240C719A8711E68ABA13F94C2E,Москва 1-1
103,ru,216,000D3A240C719A8711E68ABA13F9506E,Серпухов-1
104,ru,218,000D3A240C719A8711E68ABA13F953C8,Якутск-1
105,ru,220,000D3A240C719A8711E68ABA13F9566C,Новый Уренгой-1
106,ru,222,000D3A240C719A8711E68ABA13F95894,Сочи-1
107,ru,224,000D3A240C719A8711E68ABA13F95B51,Электросталь-1
108,ru,226,000D3A240C719A8711E68ABA13F95E8B,Нижний Тагил-1
109,ru,227,000D3A240C719A8711E68ABA13F9607F,Калининград-2
110,ru,229,000D3A240C719A8711E68ABA13F9659F,Находка-1
111,ru,231,000D3A240C719A8711E68ABA13F96755,Коммунарка-1
112,ru,233,000D3A240C719A8711E68ABA13F96A35,Рязань-1
113,ru,234,000D3A240C719A8711E68ABA13F96B95,Самара-5
114,ru,236,000D3A240C719A8711E68ABA13F96EAC,Киров-1
115,ru,238,000D3A240C719A8711E68ABA13F97188,Псков-1
116,ru,240,000D3A240C719A8711E68ABA13F9745D,Нижний Новгород-1
117,ru,242,000D3A240C719A8711E68ABA13F9773C,Новоалтайск-1
118,ru,244,000D3A240C719A8711E68ABA13F97A0D,Сергиев Посад-1
119,ru,246,000D3A240C719A8711E68ABA13F97C0D,Красногорск-1
120,ru,249,000D3A240C719A8711E68ABA13F981D6,Владивосток-1
121,ru,251,000D3A240C719A8711E68ABA13F9857E,Северск-1
122,ru,253,000D3A240C719A8711E68ABA13F9885E,Радужный-1
123,ru,254,000D3A240C719A8711E68ABA13F98A4E,Ростов-на-Дону-3
124,ru,256,000D3A240C719A8711E68ABA13F98D2A,Бердск-1
125,ru,258,000D3A240C719A8711E68ABA13F98FD7,Саранск-1
126,ru,261,000D3A240C719A8711E68ABA13F9946B,Ухта-2
127,ru,263,000D3A240C719A8711E68ABA13F99745,Орехово-Зуево-1
128,ru,265,000D3A240C719A8711E68ABA13F9993E,Уфа-1
129,ru,266,000D3A240C719A8711E68ABA13F99C6A,Тюмень-2
130,ru,268,000D3A240C719A8711E68ABA13F99F95,Коломна-1
131,ru,269,000D3A240C719A8711E68ABA13F9A0AF,Сургут-2
132,ru,272,000D3A240C719A8711E68ABA13F9A566,Дмитров-1
133,ru,274,000D3A240C719A8711E68ABA13F9A7A5,Екатеринбург-1
134,ru,276,000D3A240C719A8711E68ABA13F9AA92,Краснодар-1
135,ru,280,000D3A240C719A8711E68ABA13F9B07F,Ижевск-1
136,ru,282,000D3A240C719A8711E68ABA13F9B39E,Раменское-1
137,ru,284,000D3A240C719A8711E68ABA13F9B683,Бузулук-1
138,ru,286,000D3A240C719A8711E68ABA13F9BA20,Сызрань-1
139,ru,289,000D3A240C719A8711E68ABA13F9BDEC,Лениногорск-1
140,ru,290,000D3A240C719A8711E68ABA13F9C03B,Клин-1
141,ru,292,000D3A240C719A8711E68ABA13F9C24E,Ноябрьск-1
142,ru,293,000D3A240C719A8711E68ABA13F9C3F5,Москва 1-2
143,ru,294,000D3A240C719A8711E68ABA13F9C5C0,Москва 1-3
144,ru,295,000D3A240C719A8711E68ABA13F9CA5D,Москва 1-4
145,ru,296,000D3A240C719A8711E68ABA13F9CB9A,Москва 1-5
146,ru,298,000D3A240C719A8711E68ABA13F9CEFC,Камышин-1
147,ru,300,000D3A240C719A8711E68ABA13F9D0EE,Обнинск-1
148,ru,302,000D3A240C719A8711E68ABA13F9D4EC,Троицк-1
149,ru,304,000D3A240C719A8711E68ABA13F9D89F,Санкт-Петербург 1-1
150,ru,305,000D3A240C719A8711E68ABA13F9D9DB,Вологда-2
151,ru,308,000D3A240C719A8711E68ABA13F9E0EC,Братск-1
152,ru,310,000D3A240C719A8711E68ABA13F9E33A,Йошкар-Ола-1
153,ru,312,000D3A240C719A8711E68ABA13F9E5E7,Старый Оскол-1
154,ru,318,000D3A240C719A8711E68ABA13F9ED91,Батайск-1
155,ru,320,000D3A240C719A8711E68ABA13F9EF8C,Дубна-1
156,ru,324,000D3A240C719A8711E68ABA13F9F45D,Москва 5-1
157,ru,325,000D3A240C719A8711E68ABA13F9F718,Челябинск-3
158,ru,326,000D3A240C719A8711E68ABA13F9F834,Тольятти-2
159,ru,328,000D3A240C719A8711E68ABA13F9FBD7,Парголово-1
160,ru,330,000D3A240C719A8711E68ABA13F9FDB2,Сосновый Бор-1
161,ru,332,000D3A240C719A8711E68ABA13FA01F7,Ногинск-1
162,ru,334,000D3A240C719A8711E68ABA13FA03DC,Воскресенск-1
163,ru,336,000D3A240C719A8711E68ABA13FA0758,Великий Новгород-1
164,ru,338,000D3A240C719A8711E68ABA13FA0AA1,Норильск-1
165,ru,340,000D3A240C719A8711E68ABA13FA0D4D,Череповец-1
166,ru,342,000D3A240C719A8711E68ABA13FA0FED,Брянск-1
167,ru,344,000D3A240C719A8711E68ABA13FA1298,Иваново-1
168,ru,346,000D3A240C719A8711E68ABA13FA1542,Зеленоград-2
169,ru,348,000D3A240C719A8711E68ABA13FA18E4,Москва 6-1
170,ru,350,000D3A240C719A8711E68ABA13FA1CA5,Волгоград-1
171,ru,351,000D3A240C719A8711E68ABA13FA1E6A,Волгоград-2
172,ru,352,000D3A240C719A8711E68ABA13FA2022,Казань-2
173,ru,354,000D3A240C719A8711E68ABA13FA2374,Александров-1
174,ru,356,000D3A240C719A8711E68ABA13FA2697,Санкт-Петербург 2-1
175,ru,357,000D3A240C719A8711E68ABA13FA280D,Краснодар-2
176,ru,359,000D3A2480C380DA11E68B079901F74D,Миасс-1
177,ru,361,000D3A23B0DC80D811E68F98E099F565,Санкт-Петербург 0-1
178,ru,362,000D3A2480C380DA11E69233BBF7E5AE,Краснодар-3
179,ru,363,000D3A2480C380DA11E692CFB9F92484,Комсомольск-на-Амуре-2
180,ru,367,000D3A23B0DC80D811E695FF73251BE7,Петропавловск-Камчатский-1
181,ru,369,000D3A2480C380DA11E69B5653F263DA,Железногорск-1
182,ru,371,000D3A23B0DC80D811E69C18BA9FEDCC,Владимир-1
183,ru,373,000D3A23B0DC80D811E69F7AEC9EF9BF,Чебоксары-1
184,ru,377,000D3A23B0DC80D811E6A5B84DFAE2A8,Чехов-1
185,ru,379,000D3A2480C380DA11E6A5C46D12DC2F,Тамбов-1
186,ru,381,000D3A2480C380DA11E6A7E46319C145,Армавир-1
187,ru,383,000D3A23B0DC80D811E6AA3CFB7EF64F,Соль-Илецк-1
188,ru,385,000D3A2480C380DA11E6AB09170ACA94,Ковров-1
189,ru,387,000D3A2480C380DA11E6AB0AF997508C,Наро-Фоминск-1
190,ru,389,000D3A23B0DC80D911E6B24F4A188A9F,Москва 4-1
191,ru,391,000D3A26B5B080DD11E6B5380DB0BA49,Михайловск-1
192,ru,394,000D3A26B5B080DD11E6B5A4AB6B6DBD,Москва 3-2
193,ru,395,000D3A26B5B080DD11E6B5A4BFA5F338,Москва 3-3
194,ru,396,000D3A26B5B080DD11E6BBD1C5EA6748,Уфа-3
195,ru,397,000D3A26B5B080DD11E6C07F80F22904,Краснодар-4
196,ru,399,000D3A26B5B080DD11E6C5C104AF552E,Рыбинск-1
197,ru,400,000D3A26B5B080DD11E6C6B94301844F,Самара-6
198,ru,404,000D3A25D54580E011E6D8D6DDB182F6,Москва 1-6
199,ru,407,000D3A25D54580E011E6DD82385CA8B7,Пермь-1
200,ru,409,000D3A25D54580E011E6E466B0FD7005,Кудрово-1
201,ru,411,000D3A23B0DC80DB11E6E4996DEFB1EE,Новомосковск-1
202,ru,413,000D3A2480C380DB11E6EC82B073D692,Воронеж-1
203,ru,416,000D3A26B5B080DD11E6EED25CE51C88,Москва 0-1
204,ru,417,000D3A23B0DC80DB11E6EF54FD408485,Екатеринбург-2
205,ru,418,000D3A26B5B080DD11E6EF555C268A2E,Екатеринбург-3
206,ru,421,000D3A25D54580E011E6F1F35173F695,Нижневартовск-2
207,ru,425,000D3A2480C380DB11E6F340125788FA,Томск-1
208,ru,428,000D3A25D54580E011E6F762BE65C154,Димитровград-1
209,ru,430,000D3A2480C380DB11E6FF497FDA8855,Краснодар-5
210,ru,431,000D3A25D54580E011E6FF49DD4B226B,Краснодар-6
211,ru,433,000D3A2480C380DB11E6FF546D05813A,Владикавказ-1
212,ru,435,000D3A25D54580E011E70263ECF06668,Чебоксары-2
213,ru,436,000D3A26B5B080DE11E702B7926EDA73,Москва 4-2
214,ru,438,000D3A25D54580E011E704D222DF6C56,Старая Купавна-1
215,ru,441,000D3A25D54580E011E70A1B152B76FB,Воткинск-1
216,ru,442,000D3A26B5B080DF11E70FDDC8827252,Уфа-2
217,ru,444,000D3A26B5B080DF11E710840FE3F3B1,Санкт-Петербург 3-1
218,ru,445,000D3A23B0DC80DC11E710842D279726,Санкт-Петербург 3-2
219,ru,446,000D3A25D54580E111E710843857AF0E,Санкт-Петербург 3-3
220,ru,448,000D3A2480C380DC11E71084694C17D1,Санкт-Петербург 3-5
221,ru,449,000D3A23B0DC80DC11E7108475F900B2,Санкт-Петербург 3-6
222,ru,450,000D3A25D54580E111E710847FBC50EC,Санкт-Петербург 3-7
223,ru,451,000D3A26B5B080DF11E71084902575C3,Санкт-Петербург 3-8
224,ru,456,000D3A26B5B080DF11E713825F1D1717,Мичуринск-1
225,ru,458,000D3A25D54580E111E71525AB05D22E,Невинномысск-1
226,ru,460,000D3A26B5B080DF11E719421124F982,Корсаков-1
227,ru,461,000D3A23B0DC80DC11E719D8C5B8A196,Москва 1-7
228,ru,462,000D3A2480C380DC11E719D8D20F17C8,Москва 1-8
229,ru,464,000D3A25D54580E111E719D93D74BF67,Москва 1-10
230,ru,465,000D3A23B0DC80DC11E719D9468C2CCE,Москва 1-11
231,ru,466,000D3A25D54580E111E719D950FDEF81,Москва 1-12
232,ru,467,000D3A23B0DC80DC11E719D9B85843D5,Москва 1-13
233,ru,468,000D3A2480C380DC11E719D9C3513496,Москва 1-14
234,ru,469,000D3A26B5B080DF11E719D9CAEF8022,Москва 1-15
235,ru,470,000D3A23B0DC80DC11E719D9D4761DC1,Москва 1-16
236,ru,471,000D3A2480C380DC11E719D9FFA9F546,Москва 1-17
237,ru,472,000D3A2480C380DC11E71A9D1AF08C3C,Тольятти-3
238,ru,474,000D3A23B0DC80DC11E71C3878C43E4D,Щербинка-1
239,ru,476,000D3A23B0DC80DC11E71DBA03FBFC21,Набережные Челны-1
240,ru,479,000D3A23B0DC80DC11E71F6962616752,Каменск-Уральский-1
241,ru,481,000D3A25D54580E211E71F8F61109438,Ейск-1
242,ru,483,000D3A2480C380E111E72373CB5C0963,Санкт-Петербург 6-1
243,ru,485,000D3A25D54580E311E7237A04FB6CAA,Сертолово-1
244,ru,487,000D3A26B5B080DF11E72458D093CC0E,Рассказовка-1
245,ru,491,000D3A23B0DC80DC11E72B3EAABE4C79,Оренбург-1
246,ru,493,000D3A25D54580E411E72C0C29206285,Воронеж-2
247,ru,494,000D3A25D54580E411E72C55349F92D0,Кингисепп-1
248,ru,495,000D3A25D54580E411E72CAD63B95DE2,Оренбург-2
249,ru,496,000D3A2480C380E311E72F17A15E6CB7,Екатеринбург-4
250,ru,497,000D3A2480C380E411E731917BB10746,Набережные Челны-3
251,ru,499,000D3A23B0DC80DC11E731A23CD4DA83,Нягань-1
252,ru,503,000D3A23B0DC80DC11E7356BEFE789C6,Губкин-1
253,ru,505,000D3A25D54580E611E73A32CDEAE3AF,Шлиссельбург-1
254,ru,507,000D3A2480C380E411E73AF1F71C8041,Москва 12-1
255,ru,509,000D3A23B0DC80DC11E73B0C26B22F5A,Апрелевка-1
256,ru,510,000D3A23B0DC80DC11E73C6EC6E6F224,Самара-7
257,ru,512,000D3A23B0DC80DC11E73C8C2B16F239,Южно-Сахалинск-1
258,ru,516,000D3A26B5B080DF11E745FD0474B95C,Чита-1
259,ru,518,000D3A26B5B080DF11E745FF2D7A50F2,Улан-Удэ-1
260,ru,521,000D3A25D54580E611E746049160D34F,Кисловодск-1
261,ru,522,000D3A26B5B080DF11E749BE7892D241,Горно-Алтайск-1
262,ru,525,000D3A2480C380E711E74B701BDC489F,Пенза-1
263,ru,526,000D3A2480C380E711E74C307A5824FB,Москва 0-11
264,ru,530,000D3A2480C380E711E751ED02AD9F1A,Нахабино-1
265,ru,531,000D3A25D54580E611E754D70AA2272B,Шатура-1
266,ru,533,000D3A25D54580E611E754D8BE1E00DF,Балтийск-1
267,ru,535,000D3A25D54580E611E755E54CB88509,Котлас-1
268,ru,536,000D3A23B0DC80DC11E75684D2CBCBCC,Санкт-Петербург 0-2
269,ru,538,000D3A2480C380E711E75B0B23CB034D,Ставрополь-1
270,ru,540,000D3A25D54580E611E75B196D1B57F4,Кубинка-1
271,ru,542,000D3A26B5B080DF11E75BF1CB441693,Усинск-1
272,ru,544,000D3A23B0DC80DD11E75FDC53F28565,Ульяновск-3
273,ru,546,000D3A26B5B080E111E76ADA190B4388,Нижний Тагил-3
274,ru,548,000D3A25D54580E811E76BF515CE1598,Георгиевск-1
275,ru,550,000D3A2480C380E911E76D39E9AA9ED2,Тихорецк-1
276,ru,551,000D3A25D54580E911E76E12DDCE28FD,Калининград-3
277,ru,552,000D3A26B5B080E111E7736BC746D831,Набережные Челны-2
278,ru,553,000D3A2480C380E911E775E74BBD17B3,Санкт-Петербург 2-2
279,ru,555,000D3A25D54580E911E775E9C837D5EA,Ессентуки-1
280,ru,558,000D3A25D54580E911E7782F6DC87742,Новосибирск-1
281,ru,559,000D3A25D54580E911E7782F91AE7D34,Новосибирск-2
282,ru,561,000D3A26B5B080E111E77CD774C78959,Нижний Тагил-2
283,ru,563,000D3A23B0DC80DE11E781EB36D9190D,Астрахань-2
284,ru,565,000D3A26B5B080E111E7826AD6E00AC4,Москва 13-2
285,ru,567,000D3A25D54580E911E782733FF839FE,Чапаевск-1
286,ru,568,000D3A2480C380E911E786637EE3262D,Нижний Новгород-2
287,ru,570,000D3A23B0DC80DE11E787FDA20E5CFC,Магнитогорск-1
288,ru,572,000D3A23B0DC80DE11E78CB203E7B6C0,Конаково-1
289,ru,573,000D3A2480C380E911E78DBCBF2ABB28,Москва 1-18
290,ru,575,000D3A23B0DC80DE11E78E251A038767,Аксай Россия-1
291,ru,577,000D3A2A6F6780E511E796BE7C03A399,Хотьково-1
292,ru,579,000D3A2A6F6780E511E796DDD00E9043,Кувандык-1
293,ru,580,000D3A2A6F6780E511E7998143A38C13,Набережные Челны-4
294,ru,581,000D3A2A6F6780E511E7998176B590C7,Набережные Челны-5
295,ru,582,000D3A2155A180E411E79A1A1E9C37AC,Москва 4-10
296,ru,583,000D3A2155A180E411E79C94155E4FA5,Белгород-2
297,ru,585,000D3A2480C380F011E79EBD67C28F4D,Магадан-1
298,ru,587,000D3A2155A180E511E7A2A05115E231,Мирный-1
299,ru,591,000D3A23B0DC80DE11E7A9AB44E90BCF,Торжок-1
300,ru,593,000D3A2480C380F711E7AD98AF06953B,Салехард-1
301,ru,594,000D3A2155A180E811E7ADD657825465,Саратов-2
302,ru,595,000D3A23B0DC80DE11E7AF64C5232229,Москва 0-3
303,ru,598,000D3A2480C380FD11E7B01E162D4980,Москва 0-4
304,ru,601,000D3A26B5B080EE11E7B01EC97E910B,Москва 0-7
305,ru,603,000D3A26B5B080F111E7BC27A99CF347,Стерлитамак-1
306,ru,605,000D3A2480C3810E11E7BD751C665F09,Подольск-1
307,ru,606,000D3A2480C3811711E7C3CE8D934E8E,Новороссийск-2
308,ru,608,000D3A23B0DC80DE11E7C46DB1EAA54C,Благовещенск-2
309,ru,609,000D3A26B5B080F111E7C46EAF0AFC18,Вязьма-1
310,ru,611,000D3A23B0DC80DE11E7C540F9B72C44,Москва 2-1
311,ru,612,000D3A2480C3811711E7C612DE42C599,Москва 0-8
312,ru,614,000D3A23B0DC80DE11E7C612F8A1BD33,Москва 0-10
313,ru,615,000D3A23B0DC80DE11E7C6133A6D1347,Москва 0-12
314,ru,616,000D3A23B0DC80DE11E7C83E601E087F,Москва 0-2
315,ru,618,000D3A2480C3811811E7C9341772D9BC,Дзержинск-1
316,ru,620,000D3A23B0DC80DE11E7C947BA9FBEE4,Архангельск-1
317,ru,622,000D3A26B5B080F311E7CDBFAB091E32,Шушары-1
318,ru,623,000D3A2480C3811C11E7CF5B4BE5660C,Чебоксары-3
319,ru,625,000D3A23B0DC80DE11E7CF89FFDD0822,Красное Село-1
320,ru,627,000D3A23B0DC80DE11E7D345DB010270,Курган-1
321,ru,630,000D3A2480C3811F11E7D4632DA0120B,Тюмень-3
322,ru,638,000D3A26B5B080F311E7DC10F0657DD1,Казань-3
323,ru,640,000D3A23B0DC80DE11E7DF40FED251D5,Москва 14-1
324,ru,641,000D3A26B5B080F311E7E0138F9AC2F1,Тюмень-4
325,ru,644,000D3A2155A180EC11E7E3FC781BBB3A,Санкт-Петербург 4-1
326,ru,645,000D3A26B5B080F311E7E4993745705C,Пермь-2
327,ru,646,000D3A2480C3812311E7E4B22FFB0D64,Архангельск-2
328,ru,647,000D3A2155A180EC11E7E9811F9CE794,Орехово-Зуево-2
329,ru,651,000D3A2231E0A94B11E8003E280F4CE8,Тула-1
330,ru,652,000D3A258645A94D11E8006460706AB4,Москва 4-3
331,ru,655,000D3A2C5B29A94611E805D1F459D668,Москва 0-13
332,ru,657,000D3A258645A95111E807EB906FE3B2,Кашира-1
333,ru,659,000D3A2C5B29A94711E807F6E8382B35,Надым-1
334,ru,662,000D3A284715A95411E80BD934E0BCE0,Омск-1
335,ru,665,000D3A2231E0A95111E80CD2A6BBD055,Москва 16-1
336,ru,667,000D3A258645A95311E80CD6B21308B4,Фрязино-1
337,ru,669,000D3A2231E0A95111E80FCC45441FD1,Анапа-1
338,ru,671,000D3A258645A95311E80FCF06547BAC,Геленджик-1
339,ru,672,000D3A2C5B29A94911E80FFB56354E21,Казань-4
340,ru,676,000D3A2231E0A95111E81222D69CE53D,Ржев-1
341,ru,678,000D3A258645A95311E8154CF3D2CCC8,Апатиты-1
342,ru,680,000D3A258645A95311E81649E5980641,Хабаровск-1
343,ru,684,000D3A2C5B29A94911E817F0B496A596,Можайск-1
344,ru,686,000D3A258645A95411E8186AE171B142,Саров-1
345,ru,687,000D3A284715A95611E81AC56A0D7DE2,Казань-5
346,ru,689,000D3A258645A95411E81E187B5390D1,Железногорск Курской области-1
347,ru,691,000D3A258645A95411E825E37DDDE192,Иркутск-1
348,ru,697,000D3A284715A95611E8269D80DAA714,Усолье-Сибирское-1
349,ru,700,000D3A258645A95411E8278AF58E1319,Ижевск-2
350,ru,702,000D3A2231E0A95211E827AB610E7209,Новоуральск-1
351,ru,703,000D3A284715A95611E82C3B30821F8C,Москва 6-2
352,ru,707,000D3A258645A95411E82CDE7632A0CF,Кронштадт-1
353,ru,708,000D3A284715A95611E82DCF25C462C3,Москва 4-4
354,ru,710,000D3A258645A95411E82F5A3C5E115A,Москва 13-1
355,ru,712,000D3A258645A95411E8333CA08C625F,Москва 4-5
356,ru,713,000D3A284715A95811E8333CCF6CF1A0,Москва 4-6
357,ru,714,000D3A2231E0A95211E8333CDD920305,Москва 4-7
358,ru,717,000D3A258645A95411E8333D19605DEF,Москва 4-11
359,ru,718,000D3A2231E0A95211E8333D2D4504DD,Москва 4-12
360,ru,719,000D3A284715A95811E8333D3EE202D9,Москва 4-13
361,ru,722,000D3A258645A95411E834D8ED673C53,Домодедово-2
362,ru,723,000D3A258645A95411E83849D043CFEB,Ставрополь-2
363,ru,724,000D3A258645A95411E83A86CBEE6796,Долгопрудный-2
364,ru,726,000D3A258645A95411E83BF74BE6AE32,Санкт-Петербург 5-1
365,ru,729,000D3A2231E0A95211E843A0FFC81B90,Орел-1
366,ru,793,000D3A38B306A94311E85223A65D50E6,Куйбышев-1
367,ru,796,000D3A29FF6BA94211E8574BC180DDDA,Кропоткин-1
368,ru,797,000D3A38B306A94411E8593B1E629FDB,Орел-2
369,ru,798,000D3A29FF6BA94211E859ACD67DAC13,Москва 5-2
370,ru,803,000D3A38B306A94411E85D02A9C10BC1,Егорьевск-1
371,ru,805,000D3A24D2B7A94311E85D053AA2CA8E,Курск-1
372,ru,806,000D3A29FF6BA94211E860A25DFA01D6,Пенза-2
373,ru,808,000D3A38B306A94411E86250988CE0AC,Истра-1
374,ru,809,000D3A24D2B7A94311E86D4324B3C840,Екатеринбург-5
375,ru,813,000D3A38B306A94411E86EE730367D26,Арзамас-1
376,ru,814,000D3A24D2B7A94311E8706B7529EBFD,Москва 0-14
377,ru,815,000D3A29FF6BA94311E8706D6210D0D4,Москва 0-15
378,ru,817,000D3A24D2B7A94311E870A99F2A33E8,Санкт-Петербург 2-6
379,ru,820,000D3A29FF6BA94311E8737AA1C99746,Челябинск-4
380,ru,821,000D3A29FF6BA94311E87394A1606436,Калуга-2
381,ru,823,000D3A29FF6BA94311E873C7505C8A4E,Краснокамск-1
382,ru,824,000D3A29FF6BA94311E8746712729C69,Санкт-Петербург 1-2
383,ru,825,000D3A24D2B7A94311E874672AA6CEBE,Санкт-Петербург 1-3
384,ru,826,000D3A38B306A94411E87467464C2990,Санкт-Петербург 1-4
385,ru,827,000D3A29FF6BA94311E87467527E6D6F,Санкт-Петербург 1-5
386,ru,828,000D3A24D2B7A94311E8746765B0D15E,Санкт-Петербург 1-6
387,ru,830,000D3A38B306A94411E875F01BD9F89A,Елабуга-1
388,ru,831,000D3A29FF6BA94311E87919E0C5B2B8,Щелково-2
389,ru,832,000D3A29FF6BA94311E87B656F33323B,Москва 0-17
390,ru,833,000D3A24D2B7A94311E87E13C6D02E99,Таганрог-2
391,ru,835,000D3A29FF6BA94311E8810ABD193726,Никольское-1
392,ru,837,000D3A38B306A94411E88120D277EC31,Грозный-1
393,ru,838,000D3A24D2B7A94311E8814F753A4858,Новый Уренгой-2
394,ru,840,000D3A29FF6BA94311E8834F28A89406,Ульяновск-4
395,ru,842,000D3A38B306A94411E888C29065DF23,Барнаул-1
396,ru,844,000D3A29FF6BA94311E8899600454624,Ступино-1
397,ru,845,000D3A29FF6BA94311E889FBDFE4952D,Москва 13-3
398,ru,847,000D3A38B306A94411E88F0FC3220624,Екатеринбург-7
399,ru,848,000D3A38B306A94411E88F0FDB580942,Екатеринбург-8
400,ru,849,000D3A38B306A94411E89049D2478C7E,Москва 5-6
401,ru,850,000D3A38B306A94411E8924C02E134A4,Комсомольск-на-Амуре-3
402,ru,852,000D3A38B306A94411E894BB9EA6F0DB,Стрежевой-1
403,ru,855,000D3A29FF6BA94311E89A39E2550EE8,Санкт-Петербург 10-1
404,ru,859,000D3A38B306A94411E8A068F7C08DC3,Лянтор-1
405,ru,860,000D3A24D2B7A94311E8A145390818C4,Москва 16-2
406,ru,861,000D3A24D2B7A94311E8A3380AE3FB75,Москва 17-1
407,ru,870,000D3A29FF6BA94411E8A9D1E5F6EA20,Кириши-1
408,ru,871,000D3A24D2B7A94311E8AD2E2BAE22F0,Тюмень-5
409,ru,873,000D3A38B306A94411E8AF80B5C86249,Тамбов-2
410,ru,874,000D3A24D2B7A94311E8B5E85647CAC8,Краснодар-7
411,ru,876,000D3A24D2B7A94311E8B67F29CFCC17,Копейск-1
412,ru,878,000D3A24D2B7A94311E8BA6714EAC682,Челябинск-5
413,ru,879,000D3A24D2B7A94311E8BD9D5101A4B5,Белгород-3
414,ru,880,000D3A29FF6BA94511E8C5700642243E,Орел-3
415,ru,882,000D3A38B306A94411E8C5785378B2BB,Липецк-1
416,ru,884,000D3A24D2B7A94311E8C71B9E0312D3,Мытищи-2
417,ru,886,000D3A24D2B7A94311E8C7A6952D6536,Москва 7-1
418,ru,887,000D3A29FF6BA94811E8CAEF9F75F678,Саратов-3
419,ru,889,000D3A24D2B7A94311E8CD74E07F46C0,Солнечногорск-1
420,ru,891,000D3A38B306A94411E8CF7C4FE06B50,Пятигорск-1
421,ru,892,000D3A29FF6BA94811E8D18BC518762E,Брянск-2
422,ru,893,000D3A29FF6BA94811E8D20B1CBEF959,Нижний Тагил-4
423,ru,897,000D3A38B306A94411E8D2D738AEEA3B,Переславль-Залесский-1
424,ru,898,000D3A38B306A94411E8D3994ABB4D37,Москва 14-2
425,ru,899,000D3A38B306A94411E8D834A31BBA3E,Ростов-на-Дону-4
426,ru,901,000D3A24D2B7A94311E8DB74C27EEB43,Зеленогорск Санкт-Петербург-1
427,ru,902,000D3A29FF6BA94811E8DB8A811617B9,Санкт-Петербург 6-2
428,ru,909,000D3A38B306A94411E8E0552625B38B,Волгоград-3
429,ru,910,000D3A29FF6BA94811E8E05640791674,Волжский-2
430,ru,912,000D3A38B306A94411E8E26ED6513CD5,Новокузнецк-1
431,ru,913,000D3A38B306A94411E8E98B33D62F9C,Москва 2-2
432,ru,915,000D3A24D2B7A94311E8ECC10BCB14BE,Санкт-Петербург 11-1
433,ru,916,000D3A24D2B7A94311E8ED7E86ED2F17,Балашиха-2
434,ru,918,000D3A29FF6BA94811E8EE54EA127C40,Тосно-1
435,ru,919,000D3A29FF6BA94B11E8F8724C1192BB,Москва 4-14
436,ru,920,000D3A24D2B7A94311E8F92DEAF04099,Самара-8
437,ru,923,000D3A29FF6BA94B11E8FD50631FBC57,Москва 20-1
438,ru,926,000D3A38B306A94511E9074ECFB38CBE,Туапсе-1
439,ru,928,000D3A39D824A81011E909212C19C27C,Югорск-1
440,ru,931,000D3A39D824A81611E90F6E5684ECD4,Краснодар-8
441,ru,932,000D3A24D2B7A94311E911BB636299D3,Санкт-Петербург 4-2
442,ru,933,000D3A38B306A94511E914D6F738F82E,Самара-9
443,ru,935,000D3A24D2B7A94311E914DEEEC939E0,Каменск-Шахтинский-1
444,ru,937,000D3A21DA51A81111E914E703C8F21C,Канск-1
445,ru,939,000D3A39D824A81611E918D8FB004EF7,Туймазы-1
446,ru,941,000D3A39D824A81611E9199E0D10E13F,Кострома-1
447,ru,946,000D3A39D824A81611E91F3CFA10B1BB,Москва 23-1
448,ru,948,000D3A39D824A81611E9255E76B601AF,Москва 18-1
449,ru,949,000D3A21DA51A81111E927C0BD045A41,Москва 18-2
450,ru,950,000D3A39D824A81611E927C2FB3387BC,Москва 18-3
451,ru,951,000D3A39D824A81611E927C31D09E4E4,Москва 18-4
452,ru,952,000D3A22FA54A81211E927C34DA2A893,Москва 18-5
453,ru,954,000D3A21DA51A81111E92866D8593CAA,Павловский Посад-1
454,ru,956,000D3A39D824A81611E929D7CB205203,Яблоновский-1
455,ru,957,000D3A39D824A81611E92B6C1D4C5D25,Реутов-2
456,ru,960,000D3A21DA51A81111E92BBB552C763D,Москва 20-4
457,ru,963,000D3A22FA54A81411E93908D981A092,Казань-6
458,ru,965,000D3A22FA54A81411E93B67429B1449,Щербинка-2
459,ru,967,000D3A21DA51A81211E93C2DB58E7400,Санкт-Петербург 3-13
460,ru,968,000D3A39D824A81611E94006175E1ABE,Москва 4-15
461,ru,970,000D3A21DA51A81211E94006B9FFE7FD,Москва 4-17
462,ru,972,000D3A39D824A81611E944B7824E21E3,Заречный Пензенская-1
463,ru,973,000D3A22FA54A81411E9455DC8ED253B,Москва 0-18
464,ru,974,000D3A21DA51A81211E9455DF8E74CB2,Москва 0-19
465,ru,976,000D3A21DA51A81211E94704309BED06,Москва 11-1
466,ru,978,000D3A21DA51A81211E94ADD8468ABEB,Кстово-1
467,ru,979,000D3A21DA51A81211E9506A37FF72DC,Новосибирск-3
468,ru,980,000D3A22FA54A81411E9506C1DBD9529,Новосибирск-4
469,ru,982,000D3A39D824A81611E9522D58FD8593,Санкт-Петербург 13-1
470,ru,984,000D3A39D824A81611E9522F8EE4C30B,Кемерово-1
471,ru,985,000D3A39D824A82E11E956DD87718B8D,Санкт-Петербург 0-3
472,ru,986,000D3A21DA51A81211E959D071497C8D,Ростов-на-Дону-5
473,ru,987,000D3A39D824A82E11E95A24386D70F4,Москва 14-3
474,ru,991,000D3A22FA54A81411E95B9E966DC9B2,Тула-2
475,ru,994,000D3A22FA54A81411E9601BA8B68CF8,Славянск-на-Кубани-1
476,ru,998,000D3A21DA51A81211E964ACD9BAFBE7,Якутск-2
477,ru,999,000D3A39D824A82E11E96534BF50C6E0,Тверь-2
478,ru,1001,000D3A39D824A82E11E969C92941883E,Мурманск-1
479,ru,1002,000D3A21DA51A81211E96A8E7FDBD69B,Тверь-3
480,ru,1006,000D3A22FA54A81411E97BE5CD609F69,Киров-2
481,ru,1008,000D3A21DA51A81211E97E014D6927E2,Сочи-2
482,ru,1011,000D3A21DA51A81211E981FC95323B04,Астрахань-3
483,ru,1012,000D3A22FA54A81411E9821482231E75,Санкт-Петербург 10-2
484,ru,1013,000D3A22FA54A81411E9828F0B2DE0EB,Красноярск-2
485,ru,1015,000D3A22FA54A81411E985F1DFCE8EE7,Москва 1-21
486,ru,1016,000D3A22FA54A81411E985F25291F3E6,Москва 1-22
487,ru,1017,000D3A22FA54A81411E985F2E8939CCC,Москва 1-23
488,ru,1018,000D3A39D824A82E11E985F32E9519A4,Москва 1-24
489,ru,1021,000D3A22FA54A81411E98EC748CC512E,Губкинский-1
490,ru,1023,000D3A21DA51A81211E992A91382D910,Воркута-1
491,ru,1024,000D3A21DA51A81211E994490568F673,Краснодар-9
492,ru,1025,000D3A21DA51A81211E997EDCCB0E13A,Иркутск-2
493,ru,1026,000D3A22FA54A81411E9A6E6FA828C34,Челябинск-6
494,ru,1028,000D3A39D824A82E11E9B91D5E5C8979,Златоуст-1
495,ru,1029,000D3A22FA54A81411E9BA79FD93B749,Нижний Новгород-3
496,ru,1032,000D3A39D824A82E11E9C292AA76BE9D,Видное-1
497,ru,1033,000D3A22FA54A81411E9C5888281BB32,Хабаровск-2
498,ru,1034,000D3A22FA54A81411E9C588C0A8DCA3,Хабаровск-5
499,ru,1035,000D3A22FA54A81411E9C9529743C2C5,Екатеринбург-9
500,ru,1037,000D3A22FA54A81411E9CE1407BEA2FA,Новосибирск-5
501,ru,1040,000D3A39D824A82E11E9D08104723B18,Санкт-Петербург 0-4
502,ru,1041,000D3A22FA54A81411E9D2CD7DE0F093,Омск-2
503,ru,1042,000D3A22FA54A81411E9D2CE29C80D6B,Омск-3
504,ru,1045,000D3A22FA54A81411E9D62C80B2641F,Лабытнанги-1
505,ru,1046,000D3A39D824A82E11E9D84F7DC01968,Москва 4-18
506,ru,1047,000D3A39D824A82E11E9DACC71D4CDF1,Подольск-2
507,ru,1048,000D3A21DA51A81211E9DC4536C21386,Санкт-Петербург 10-3
508,ru,1050,000D3A22FA54A81411E9E2BB45F80AA3,Санкт-Петербург 11-2
509,ru,1051,000D3A22FA54A81411E9E771402A09AC,Томск-2
510,ru,1052,000D3A21DA51A81211E9EF334D3BD8C9,Новосибирск-8
511,ru,1054,000D3A21DA51A81211E9EFEA9A009B9A,Минеральные Воды-1
512,ru,1055,000D3A21DA51A81211E9F1A705EBF537,Курган-2
513,ru,1056,000D3A21DA51A81211E9F3BD381AED1F,Астрахань-4
514,ru,1057,000D3A21DA51A81211E9F5A0AC5887AA,Санкт-Петербург 12-1
515,ru,1058,000D3A39D824A82E11E9F5A0E3AAF430,Санкт-Петербург 12-2
516,ru,1059,000D3A21DA51A81211E9F5A0F9B7C097,Санкт-Петербург 12-3
517,ru,1061,000D3A22FA54A81411E9F953A4CA5B19,Краснодар-10
518,ru,1062,000D3A22FA54A81411E9FA3594B4EB8B,Великий Новгород-2
519,ru,1063,000D3A39D824A82E11E9FA4DAFFD4E07,Новочеркасск-1
520,ru,1064,000D3A22FA54A81411E9FA81582389F0,Москва 17-2
521,ru,1066,000D3A39D824A82E11E9FC73824DC8FD,Москва 4-19
522,ru,1073,000D3A22FA54A81411EA097BDB63217C,Санкт-Петербург 2-3
523,ru,1075,000D3A21DA51A81211EA103CE950BF55,Славянка-1
524,ru,1076,000D3A39D824A82E11EA113C1D6B8195,Санкт-Петербург 2-4
525,ru,1077,000D3A21DA51A81211EA15841F7BC154,Иркутск-3
526,ru,1079,000D3A22FA54A81411EA17A873A6E347,Кингисепп-2
527,ru,1080,000D3A22FA54A81411EA17E17D9851AB,Саратов-4
528,ru,1081,000D3A21DA51A81211EA1A7159572530,Москва 0-20
529,ru,1082,000D3A39D824A82E11EA1A71E923E814,Москва 0-21
530,ru,1084,000D3A22FA54A81411EA1CC467642722,Стерлитамак-2
531,ru,1086,000D3A21DA51A81211EA1D8518D5826E,Луга-1
532,ru,1087,000D3A22FA54A81411EA1FED9A5FC54C,Нижнекамск-2
533,ru,1089,000D3A39D824A82E11EA224718607BF4,Брянск-3
534,ru,1091,000D3A22FA54A81411EA27CA9390FEFD,Ликино-Дулево-1
535,ru,1097,000D3A22FA54A81411EA36A01803FADF,Воронеж-3
536,ru,1099,000D3A21DA51A81311EA3B6B80175D2A,Москва 1-27
537,ru,1100,000D3A39D824A82E11EA3C1DB612C189,Сколково-1
538,ru,1101,000D3A39D824A82E11EA3F6308A04C9E,Красногорск-2
539,ru,1102,000D3A22FA54A81411EA4105FD076A8B,Мурино-1
540,ru,1104,000D3A21DA51A81311EA47E3D893E20A,Ульяновск-5
541,ru,1106,000D3A22FA54A81411EA48BE695425BB,Санкт-Петербург 4-4
542,ru,1107,000D3A21DA51A81311EA4CB10382C74C,Москва 0-22
543,ru,1108,000D3AAF2133A81111EA4CB14763C340,Москва 0-23
544,ru,1109,000D3AAF2133A81111EA4CC125128F52,Санкт-Петербург 12-4
545,ru,1110,000D3A21DA51A81311EA52E3742D79CD,Муравленко-1
546,ru,1111,000D3A22FA54A81511EA53E71F49042E,Санкт-Петербург 10-4
547,ru,1112,000D3A21DA51A81311EA5D426D0EA6D7,Самара-10
548,ru,1115,000D3A39D824A82E11EA5DF075124C41,Новосибирск-12
549,ru,1116,000D3AAF2133A81211EA5EBE966C8252,Химки-2
550,ru,1117,000D3A22FA54A81511EA62A63B7463AC,Москва 24-1
551,ru,1119,000D3A39D824A82E11EA643023C05A47,Белогорск-1
552,ru,1121,000D3A39D824A82E11EA69CDDD32B056,Норильск-2
553,ru,1122,000D3AAF2133A81311EA6A761F225047,Горячий Ключ-1
554,ru,1123,000D3AAF2133A81311EA6E6A65753D38,Челябинск-7
555,ru,1124,000D3A39D824A82E11EA733C13AD9571,Когалым-1
556,ru,1127,000D3A21DA51A81411EA7D6A061C1830,Электроугли-1
557,ru,1128,000D3A22FA54A81511EA943D4BBA8970,Петрозаводск-2
558,ru,1129,000D3A22FA54A81511EA951AA0FAD93A,Рязань-2
559,ru,1130,000D3A21DA51A81411EA9D9F1F6DBC1C,Москва 23-2
560,ru,1132,000D3A39D824A82E11EAAACAB0F81A62,Красноярск-3
561,ru,1133,000D3A39D824A82E11EAAACB1EB299ED,Красноярск-4
562,ru,1135,000D3A21DA51A81411EAB07D12ED8BAA,Екатеринбург-11
563,ru,1136,000D3A22FA54A81611EAB4715412C537,Крымск-1
564,ru,1137,000D3A39D824A82E11EAB523D9DF417D,Краснодар-11
565,ru,1142,000D3A21DA51A81411EAC07339FEDE10,Иваново-2
566,ru,1143,000D3A22FA54A81611EACD5EE33FA754,Новосибирск-13
567,ru,1144,000D3A39D824A82E11EAD65ECCD436DE,Ростов-на-Дону-6
568,ru,1145,000D3A22FA54A81611EAD7AD78A463BE,Великие Луки-1
569,ru,1148,000D3A22FA54A81611EAE05E76B7F3DB,Глазов-1
570,ru,1149,000D3A39D824A82E11EAE1DCE4F26A25,Саратов-5
571,ru,1150,000D3A22FA54A81611EAE223714CABA1,Звенигород-1
572,ru,1151,000D3A22FA54A81611EAEB66FBEC3EE5,Санкт-Петербург 12-5
573,ru,1153,000D3A22FA54A81611EAF8142B97F538,Саранск-2
574,ru,1154,000D3A21DA51A81411EAFF32FCB6D269,Северодвинск-1
575,ru,1155,000D3A22FA54A81611EB030DECC9017C,Ижевск-3
576,ru,1156,000D3A22FA54A81611EB0890E99C05F6,Йошкар-Ола-2
577,ru,1157,000D3A39D824A82E11EB0EB3A7DB7FD1,Москва 0-24
578,ru,1158,000D3A21DA51A81411EB1065240920A3,Череповец-2
579,ru,1159,000D3A22FA54A81611EB145B4F1E2FEB,Санкт-Петербург 0-5
580,ru,1171,000D3A22FA54A81611EB19D824F8239B,Вышний Волочек-1
581,ru,1174,000D3A39D824A82E11EB1F723C6966FC,Ишимбай-1
582,ru,1175,000D3A22FA54A81611EB228A80416E05,Рязань-3
583,ru,1176,000D3A21DA51A81411EB236F0D7AA3DF,Королев-2
584,ru,1177,000D3A39D824A82F11EB240B4AE47B7B,Кореновск-1
585,ru,1178,000D3A21DA51A81411EB258B333B3EF3,Москва 12-2
586,ru,1185,000D3A39D824A82F11EB354E82F2F176,Пенза-3
587,ru,1187,000D3A39D824A83111EB3A1F6B62A8BB,Волхов-1
588,ru,1188,000D3A39D824A83111EB3DFA3E072438,Верхняя Пышма-1
589,ru,1189,000D3A22FA54A81711EB405105EE0400,Челябинск-8
590,ru,1190,000D3A39D824A83111EB40514830FF7B,Челябинск-9
591,ru,1191,000D3A21DA51A81611EB4854D4FD0747,Магнитогорск-2
592,ru,1194,000D3A21DA51A81611EB556C92D9B101,Санкт-Петербург 14-1
593,ru,1199,000D3A39D824A83111EB5B533D001740,Москва 1-28
594,ru,1201,000D3A22FA54A81711EB5C46E3D89E2A,Хабаровск-3
595,ru,1202,000D3AAC9DCABB2711EB6255A3AE4B69,Барнаул-2
596,ru,1203,000D3AAC9DCABB2711EB6256D866125E,Барнаул-3
597,ru,1208,000D3AAC9DCABB2711EB7731B257AED7,Братск-2
598,ru,1211,000D3ABF84C3BB2811EB7C350244D980,Липецк-2
599,ru,1213,000D3AAC9DCABB2711EB8188863905FC,Омск-4
600,ru,1214,000D3ABF84C3BB2811EB81891260DB65,Омск-5
601,ru,1216,000D3AAC9DCABB2A11EB864349F18BD1,Южно-Сахалинск-2
602,ru,1229,000D3AAC977BBB2A11EB8E2DC53F641D,Лыткарино-1
603,ru,1231,000D3AAC9DCABB2B11EB975B16382A37,Красноярск-5
604,ru,1235,000D3AAC977BBB2B11EB991FDAAFCE20,Омск-6
605,ru,1236,000D3AAC977BBB2B11EB9B56F957FC57,Лангепас-1
606,ru,1246,000D3ABF84C3BB2C11EB9DDA7697F136,Ростов-на-Дону-7
607,ru,1248,000D3AAC977BBB2B11EBA0D74B600DD1,Санкт-Петербург 5-2
608,ru,1249,000D3AAC9DCABB2B11EBA265DB375EEC,Кинешма-1
609,ru,1250,000D3AAC977BBB2B11EBA67C4088BDFA,Саратов-6
610,ru,1251,000D3AAC977BBB2B11EBA78707EF634A,Москва 2-3
611,ru,1256,000D3AAC9DCABB2B11EBA8DD39F140E0,Полевской-1
612,ru,1257,000D3AAC977BBB2B11EBA91DA626C3C1,Ижевск-4
613,ru,1261,000D3ABF84C3BB2C11EBC27869D398EE,Иркутск-4
614,ru,1264,000D3AAC9DCABB2D11EBCE01AB1A75F0,Новороссийск-3
615,ru,1265,000D3ABF84C3BB2E11EBD3E0AD833E64,Томск-3
616,ru,1267,000D3ABF84C3BB2E11EBDA5264B77987,Пермь-4
617,ru,1269,000D3ABF84C3BB2E11EBDE80026065CF,Ставрополь-3
618,ru,1271,000D3AAC9DCABB2E11EBE252B74EF0C8,Курск-2
619,ru,1273,000D3AAC977BBB2D11EBE3D22A96542F,Новый Уренгой-3
620,ru,1274,000D3ABF84C3BB2E11EBE86AAE8B8C72,Голицыно-1
621,ru,1275,000D3ABF84C3BB2E11EBEED0EF7D84D6,Урай-1
622,ru,1276,000D3AAC9DCABB2E11EBEFC4A7C197B4,Мурманск-2
623,ru,1278,000D3ABF84C3BB2E11EBFB7F4445829D,Волгоград-4
624,ru,1279,000D3ABF84C3BB2E11EBFC0798C855A6,Тюмень-6
625,ru,1280,000D3AAC977BBB2D11EBFE5EA2C930D5,Ухта-1
626,ru,1281,000D3ABF84C3BB2E11EBFE80C85ADB0D,Уфа-4
627,ru,1282,000D3AAC9DCABB2E11EBFE88757408D2,Азов-1
628,ru,1283,000D3ABF84C3BB2E11EC04080586A864,Казань-7
629,ru,1285,000D3A2F44B0BAD011EC0AF21B52D882,Мытищи-3
630,ru,1290,000D3A2F44B0BAD011EC0CA7B68089AD,Тамбов-3
631,ru,1291,000D3A2F44B0BAD011EC0FD84B3B5B02,Краснодар-12
632,ru,1294,000D3AAC9DCABB2E11EC1605D6CEA2C0,Москва 0-25
633,ru,1295,000D3A2F4623BAD011EC16EED8800A3C,Улан-Удэ-2
634,ru,1297,000D3ABF84C3BB2E11EC26C5F1304680,Щелково-3
635,ru,1301,000D3ABF84C3BB2E11EC2CCA35BB89AE,Сыктывкар-7
636,ru,1302,000D3AAC9DCABB2E11EC300A542D634A,Печора-1
637,ru,1303,000D3AAC9DCABB2E11EC327C00CCC717,Руза-1
638,ru,1305,000D3ABF84C3BB2E11EC3589DB7CC68E,Москва 0-26
639,ru,1306,000D3ABF84C3BB2E11EC3AC800A81F19,Владивосток-2
640,ru,1307,000D3AAC977BBB2D11EC3BD49533D997,Первоуральск-1
641,ru,1309,000D3AAC977BBB2D11EC3CA6F25B7C65,Тарко-Сале-1
642,ru,1310,000D3AAC9DCABB2E11EC42E53F7DB15F,Астрахань-5
643,ru,1311,000D3AAC977BBB2D11EC4492CD4709F8,Москва 4-20
644,ru,1312,000D3ABF84C3BB2E11EC44936EB36319,Москва 4-21
645,ru,1313,000D3AAC9DCABB2E11EC46C14B42097F,Оренбург-3
646,ru,1314,000D3AAC9DCABB2E11EC46DD9A93DFD1,Соликамск-1
647,ru,1320,000D3ABF84C3BB2E11EC5538FF9B4406,Внуково-1
648,ru,1321,000D3AAC9DCABB2E11EC5A70A5FC174C,Металлострой-1
649,ru,1322,000D3ABF84C3BB2E11EC5A7221E4E279,Пушкин-1
650,ru,1323,000D3AAC977BBB2D11EC5CAB3DD5F046,Чебоксары-5
651,ru,1324,000D3AAC9DCABB2E11EC5D0F3A8193EB,Москва 12-3
652,ru,1329,000D3AAC977BBB2D11EC63F6CA224A88,Уфа-6
653,ru,1330,000D3ABF84C3BB2E11EC64B65252D6D1,Москва 17-4
654,ru,1334,000D3AAC977BBB2D11EC74485326E07A,Санкт-Петербург 6-3
655,ru,1335,000D3AAC977BBB2D11EC784E414E01DB,Королев-3
656,ru,1337,000D3ABF84C3BB2E11EC7CE6666A38D4,Якутск-3
657,ru,1338,000D3ABF84C3BB2E11EC7E9253D40F62,Кингисепп-3
658,ru,1340,000D3AAC977BBB2D11EC8283B1C96558,Ульяновск-6
659,ru,1341,000D3AAC977BBB2D11EC82BBEEB26721,Москва 4-8
660,ru,1342,000D3AAC9DCABB2E11EC8356A8F86D2D,Санкт-Петербург 2-7
661,ru,1344,000D3ABF84C3BB2E11EC842445A67917,Москва 23-3
662,ru,1345,000D3AAC9DCABB2E11EC84E37D9C81FE,Котельники-1
